{"cameraMode":{"drawMode":0,"name":"Shaded","section":"Shading Mode"},"sceneLighting":false,"audioPlay":false,"sceneViewState":{"m_AlwaysRefresh":false,"showFog":true,"showSkybox":false,"showFlares":true,"showImageEffects":true,"showParticleSystems":true,"showVisualEffectGraphs":true,"m_FxEnabled":true},"in2DMode":false,"pivot":{"x":-0.4660940170288086,"y":-2.4637792110443117,"z":-0.4284334182739258},"rotation":{"x":-0.09208063781261444,"y":0.9062439203262329,"z":-0.26138928532600405,"w":-0.31924593448638918},"size":6.504812240600586,"orthographic":false}