{"cameraMode":{"drawMode":0,"name":"Shaded","section":"Shading Mode"},"sceneLighting":false,"audioPlay":false,"sceneViewState":{"m_AlwaysRefresh":false,"showFog":true,"showSkybox":false,"showFlares":true,"showImageEffects":true,"showParticleSystems":true,"showVisualEffectGraphs":true,"m_FxEnabled":true},"in2DMode":false,"pivot":{"x":-12.238088607788086,"y":-18.597549438476564,"z":-0.0010189488530158997},"rotation":{"x":-0.40278860926628115,"y":0.5806261897087097,"z":-0.4013417661190033,"w":-0.5827218890190125},"size":29.422439575195314,"orthographic":false}