{"cameraMode":{"drawMode":0,"name":"Shaded","section":"Shading Mode"},"sceneLighting":true,"audioPlay":false,"sceneViewState":{"m_AlwaysRefresh":false,"showFog":true,"showSkybox":false,"showFlares":true,"showImageEffects":true,"showParticleSystems":true,"showVisualEffectGraphs":true,"m_FxEnabled":true},"in2DMode":false,"pivot":{"x":-2.6326863765716554,"y":1.644205093383789,"z":-2.049304962158203},"rotation":{"x":-0.5105162858963013,"y":0.008251749910414219,"z":-0.004899561870843172,"w":-0.8598203063011169},"size":10.051801681518555,"orthographic":false}