{"cameraMode":{"drawMode":0,"name":"Shaded","section":"Shading Mode"},"sceneLighting":false,"audioPlay":false,"sceneViewState":{"m_AlwaysRefresh":false,"showFog":true,"showSkybox":false,"showFlares":true,"showImageEffects":true,"showParticleSystems":true,"showVisualEffectGraphs":true,"m_FxEnabled":true},"in2DMode":false,"pivot":{"x":0.06963682174682617,"y":1.2664871215820313,"z":-0.00823301076889038},"rotation":{"x":0.22448398172855378,"y":0.7537619471549988,"z":-0.31630465388298037,"w":0.5304769277572632},"size":1.9736427068710328,"orthographic":false}