{"cameraMode":{"drawMode":0,"name":"Shaded","section":"Shading Mode"},"sceneLighting":false,"audioPlay":false,"sceneViewState":{"m_AlwaysRefresh":false,"showFog":true,"showSkybox":false,"showFlares":true,"showImageEffects":true,"showParticleSystems":true,"showVisualEffectGraphs":true,"m_FxEnabled":true},"in2DMode":false,"pivot":{"x":-28.77473258972168,"y":-25.977672576904298,"z":20.935653686523439},"rotation":{"x":-0.27568209171295168,"y":0.34641045331954958,"z":-0.10727536678314209,"w":-0.8902295231819153},"size":28.138355255126954,"orthographic":false}