{"cameraMode":{"drawMode":0,"name":"Shaded","section":"Shading Mode"},"sceneLighting":false,"audioPlay":false,"sceneViewState":{"m_AlwaysRefresh":false,"showFog":true,"showSkybox":false,"showFlares":true,"showImageEffects":true,"showParticleSystems":true,"showVisualEffectGraphs":true,"m_FxEnabled":true},"in2DMode":false,"pivot":{"x":-15.160675048828125,"y":-23.681692123413087,"z":-0.31735125184059145},"rotation":{"x":0.34805452823638918,"y":-0.6156386733055115,"z":0.3482656478881836,"w":0.6152845621109009},"size":23.544925689697267,"orthographic":false}