{"cameraMode":{"drawMode":0,"name":"Shaded","section":"Shading Mode"},"sceneLighting":true,"audioPlay":false,"sceneViewState":{"m_AlwaysRefresh":false,"showFog":true,"showSkybox":false,"showFlares":true,"showImageEffects":true,"showParticleSystems":true,"showVisualEffectGraphs":true,"m_FxEnabled":true},"in2DMode":false,"pivot":{"x":-6.197920799255371,"y":-6.3190765380859379,"z":0.35352906584739687},"rotation":{"x":0.37279123067855837,"y":-0.6026020646095276,"z":0.37638917565345766,"w":0.596860945224762},"size":12.215569496154786,"orthographic":false}