{"cameraMode":{"drawMode":0,"name":"Shaded","section":"Shading Mode"},"sceneLighting":true,"audioPlay":false,"sceneViewState":{"m_AlwaysRefresh":false,"showFog":true,"showSkybox":false,"showFlares":true,"showImageEffects":true,"showParticleSystems":true,"showVisualEffectGraphs":true,"m_FxEnabled":true},"in2DMode":false,"pivot":{"x":-18.999544143676759,"y":-5.681358337402344,"z":16.772533416748048},"rotation":{"x":0.16822631657123567,"y":-0.4401420056819916,"z":0.08433457463979721,"w":0.8779967427253723},"size":25.816097259521486,"orthographic":false}