{"cameraMode":{"drawMode":0,"name":"Shaded","section":"Shading Mode"},"sceneLighting":true,"audioPlay":false,"sceneViewState":{"m_AlwaysRefresh":false,"showFog":true,"showSkybox":false,"showFlares":true,"showImageEffects":true,"showParticleSystems":true,"showVisualEffectGraphs":true,"m_FxEnabled":true},"in2DMode":false,"pivot":{"x":3.5464510917663576,"y":1.8329010009765626,"z":-0.0011625438928604127},"rotation":{"x":0.43462374806404116,"y":-0.5596775412559509,"z":0.44278573989868166,"w":0.5493806004524231},"size":8.498623847961426,"orthographic":false}