{"cameraMode":{"drawMode":0,"name":"Shaded","section":"Shading Mode"},"sceneLighting":false,"audioPlay":false,"sceneViewState":{"m_AlwaysRefresh":false,"showFog":true,"showSkybox":false,"showFlares":true,"showImageEffects":true,"showParticleSystems":true,"showVisualEffectGraphs":true,"m_FxEnabled":true},"in2DMode":false,"pivot":{"x":22.592866897583009,"y":1.0080945491790772,"z":16.439369201660158},"rotation":{"x":-0.0037163079250603916,"y":0.9950261116027832,"z":-0.04062969237565994,"w":-0.09099743515253067},"size":5.825267314910889,"orthographic":false}