{"cameraMode":{"drawMode":0,"name":"Shaded","section":"Shading Mode"},"sceneLighting":false,"audioPlay":false,"sceneViewState":{"m_AlwaysRefresh":false,"showFog":true,"showSkybox":false,"showFlares":true,"showImageEffects":true,"showParticleSystems":true,"showVisualEffectGraphs":true,"m_FxEnabled":true},"in2DMode":false,"pivot":{"x":23.95746612548828,"y":2.097458839416504,"z":23.900680541992189},"rotation":{"x":0.000007245389042509487,"y":1.0000041723251343,"z":0.0026899243239313366,"w":-0.0026984980795532467},"size":2.0107288360595705,"orthographic":true}