{"cameraMode":{"drawMode":0,"name":"Shaded","section":"Shading Mode"},"sceneLighting":true,"audioPlay":false,"sceneViewState":{"m_AlwaysRefresh":false,"showFog":true,"showSkybox":false,"showFlares":true,"showImageEffects":true,"showParticleSystems":true,"showVisualEffectGraphs":true,"m_FxEnabled":true},"in2DMode":false,"pivot":{"x":0.5807326436042786,"y":1.140165090560913,"z":-0.5684771537780762},"rotation":{"x":0.01263808086514473,"y":0.9695557951927185,"z":-0.23912689089775086,"w":0.051241058856248859},"size":3.837461233139038,"orthographic":false}