{"cameraMode":{"drawMode":0,"name":"Shaded","section":"Shading Mode"},"sceneLighting":false,"audioPlay":false,"sceneViewState":{"m_AlwaysRefresh":false,"showFog":true,"showSkybox":false,"showFlares":true,"showImageEffects":true,"showParticleSystems":true,"showVisualEffectGraphs":true,"m_FxEnabled":true},"in2DMode":false,"pivot":{"x":4.710750579833984,"y":-0.09095001220703125,"z":0.011034488677978516},"rotation":{"x":0.22448398172855378,"y":0.7537619471549988,"z":-0.31630465388298037,"w":0.5304769277572632},"size":6.332833766937256,"orthographic":false}