{"cameraMode":{"drawMode":0,"name":"Shaded","section":"Shading Mode"},"sceneLighting":false,"audioPlay":false,"sceneViewState":{"m_AlwaysRefresh":false,"showFog":true,"showSkybox":false,"showFlares":true,"showImageEffects":true,"showParticleSystems":true,"showVisualEffectGraphs":true,"m_FxEnabled":true},"in2DMode":false,"pivot":{"x":-0.000007867813110351563,"y":0.8485056161880493,"z":0.2953047752380371},"rotation":{"x":-0.08102423697710037,"y":0.8013606071472168,"z":-0.1115482971072197,"w":-0.5820761322975159},"size":3.917257785797119,"orthographic":false}