{"cameraMode":{"drawMode":0,"name":"Shaded","section":"Shading Mode"},"sceneLighting":false,"audioPlay":false,"sceneViewState":{"m_AlwaysRefresh":false,"showFog":true,"showSkybox":false,"showFlares":true,"showImageEffects":true,"showParticleSystems":true,"showVisualEffectGraphs":true,"m_FxEnabled":true},"in2DMode":false,"pivot":{"x":-0.01595449447631836,"y":0.00923013687133789,"z":0.05228304862976074},"rotation":{"x":0.22448398172855378,"y":0.7537619471549988,"z":-0.31630465388298037,"w":0.5304769277572632},"size":6.353501319885254,"orthographic":false}