{"cameraMode":{"drawMode":0,"name":"Shaded","section":"Shading Mode"},"sceneLighting":false,"audioPlay":false,"sceneViewState":{"m_AlwaysRefresh":false,"showFog":true,"showSkybox":false,"showFlares":true,"showImageEffects":true,"showParticleSystems":true,"showVisualEffectGraphs":true,"m_FxEnabled":true},"in2DMode":false,"pivot":{"x":1.7609972953796387,"y":-0.061747074127197269,"z":0.9103535413742065},"rotation":{"x":-0.19409997761249543,"y":-0.7253690361976624,"z":0.22701574862003327,"w":-0.620194673538208},"size":3.732511520385742,"orthographic":false}