{"cameraMode":{"drawMode":0,"name":"Shaded","section":"Shading Mode"},"sceneLighting":true,"audioPlay":false,"sceneViewState":{"m_AlwaysRefresh":false,"showFog":true,"showSkybox":true,"showFlares":true,"showImageEffects":true,"showParticleSystems":true,"showVisualEffectGraphs":true,"m_FxEnabled":true},"in2DMode":false,"pivot":{"x":23.790393829345704,"y":14.924537658691407,"z":21.103652954101564},"rotation":{"x":-0.47924986481666567,"y":0.4645377993583679,"z":-0.3346695601940155,"w":-0.6652226448059082},"size":101.50405883789063,"orthographic":false}