{"cameraMode":{"drawMode":0,"name":"Shaded","section":"Shading Mode"},"sceneLighting":true,"audioPlay":false,"sceneViewState":{"m_AlwaysRefresh":false,"showFog":true,"showSkybox":true,"showFlares":true,"showImageEffects":true,"showParticleSystems":true,"showVisualEffectGraphs":true,"m_FxEnabled":true},"in2DMode":false,"pivot":{"x":22.544015884399415,"y":1.2716172933578492,"z":24.375202178955079},"rotation":{"x":0.13202740252017976,"y":-0.540337324142456,"z":0.08631119132041931,"w":0.8265325427055359},"size":2.6831953525543215,"orthographic":false}