{"cameraMode":{"drawMode":0,"name":"Shaded","section":"Shading Mode"},"sceneLighting":true,"audioPlay":false,"sceneViewState":{"m_AlwaysRefresh":false,"showFog":true,"showSkybox":true,"showFlares":true,"showImageEffects":true,"showParticleSystems":true,"showVisualEffectGraphs":true,"m_FxEnabled":true},"in2DMode":false,"pivot":{"x":165.2501678466797,"y":-165.91561889648438,"z":378.50836181640627},"rotation":{"x":0.21060895919799806,"y":0.18811002373695374,"z":-0.04134318232536316,"w":0.9584227204322815},"size":369.7062072753906,"orthographic":false}