{"cameraMode":{"drawMode":0,"name":"Shaded","section":"Shading Mode"},"sceneLighting":true,"audioPlay":false,"sceneViewState":{"m_AlwaysRefresh":false,"showFog":true,"showSkybox":true,"showFlares":true,"showImageEffects":true,"showParticleSystems":true,"showVisualEffectGraphs":true,"m_FxEnabled":true},"in2DMode":false,"pivot":{"x":37.546932220458987,"y":-127.37774658203125,"z":378.9222412109375},"rotation":{"x":0.19237516820430757,"y":0.04738475754857063,"z":-0.009307052940130234,"w":0.9801453351974487},"size":259.971923828125,"orthographic":false}