{"cameraMode":{"drawMode":0,"name":"Shaded","section":"Shading Mode"},"sceneLighting":true,"audioPlay":false,"sceneViewState":{"m_AlwaysRefresh":false,"showFog":true,"showSkybox":true,"showFlares":true,"showImageEffects":true,"showParticleSystems":true,"showVisualEffectGraphs":true,"m_FxEnabled":true},"in2DMode":false,"pivot":{"x":-12.405860900878907,"y":-71.31289672851563,"z":60.828094482421878},"rotation":{"x":-0.42855963110923769,"y":0.06954248994588852,"z":-0.03310646116733551,"w":-0.9002292156219482},"size":54.803321838378909,"orthographic":false}