{"cameraMode":{"drawMode":0,"name":"Shaded","section":"Shading Mode"},"sceneLighting":true,"audioPlay":false,"sceneViewState":{"m_AlwaysRefresh":false,"showFog":true,"showSkybox":true,"showFlares":true,"showImageEffects":true,"showParticleSystems":true,"showVisualEffectGraphs":true,"m_FxEnabled":true},"in2DMode":false,"pivot":{"x":21.69198226928711,"y":-6.050716400146484,"z":13.732325553894043},"rotation":{"x":0.42609718441963198,"y":0.09526233375072479,"z":-0.04517170786857605,"w":0.8985235691070557},"size":16.504243850708009,"orthographic":false}