{"cameraMode":{"drawMode":0,"name":"Shaded","section":"Shading Mode"},"sceneLighting":false,"audioPlay":false,"sceneViewState":{"m_AlwaysRefresh":false,"showFog":true,"showSkybox":true,"showFlares":true,"showImageEffects":true,"showParticleSystems":true,"showVisualEffectGraphs":true,"m_FxEnabled":true},"in2DMode":false,"pivot":{"x":17.42852020263672,"y":-0.04337954521179199,"z":24.078235626220704},"rotation":{"x":-0.21431457996368409,"y":0.25359073281288149,"z":-0.057713668793439868,"w":-0.9415199756622315},"size":3.212789297103882,"orthographic":false}