{"cameraMode":{"drawMode":0,"name":"Shaded","section":"Shading Mode"},"sceneLighting":false,"audioPlay":false,"sceneViewState":{"m_AlwaysRefresh":false,"showFog":true,"showSkybox":true,"showFlares":true,"showImageEffects":true,"showParticleSystems":true,"showVisualEffectGraphs":true,"m_FxEnabled":true},"in2DMode":false,"pivot":{"x":18.43661117553711,"y":-7.1752777099609379,"z":16.473140716552736},"rotation":{"x":-0.13598227500915528,"y":0.8178310394287109,"z":-0.5159456729888916,"w":-0.21554696559906007},"size":20.158069610595704,"orthographic":false}