{"cameraMode":{"drawMode":0,"name":"Shaded","section":"Shading Mode"},"sceneLighting":false,"audioPlay":false,"sceneViewState":{"m_AlwaysRefresh":false,"showFog":true,"showSkybox":true,"showFlares":true,"showImageEffects":true,"showParticleSystems":true,"showVisualEffectGraphs":true,"m_FxEnabled":true},"in2DMode":false,"pivot":{"x":15.242302894592286,"y":-1.8545198440551758,"z":27.559171676635743},"rotation":{"x":0.6298972368240356,"y":0.04535478726029396,"z":-0.03688867390155792,"w":0.7744777798652649},"size":19.670583724975587,"orthographic":false}