{"cameraMode":{"drawMode":0,"name":"Shaded","section":"Shading Mode"},"sceneLighting":false,"audioPlay":false,"sceneViewState":{"m_AlwaysRefresh":false,"showFog":true,"showSkybox":true,"showFlares":true,"showImageEffects":true,"showParticleSystems":true,"showVisualEffectGraphs":true,"m_FxEnabled":true},"in2DMode":false,"pivot":{"x":27.365896224975587,"y":2.7252063751220705,"z":23.661727905273439},"rotation":{"x":-0.25286251306533816,"y":-0.1979834884405136,"z":0.052945613861083987,"w":-0.9455474615097046},"size":1.5410261154174805,"orthographic":false}