{"cameraMode":{"drawMode":0,"name":"Shaded","section":"Shading Mode"},"sceneLighting":false,"audioPlay":false,"sceneViewState":{"m_AlwaysRefresh":false,"showFog":true,"showSkybox":true,"showFlares":true,"showImageEffects":true,"showParticleSystems":true,"showVisualEffectGraphs":true,"m_FxEnabled":true},"in2DMode":false,"pivot":{"x":652.5929565429688,"y":374.70556640625,"z":-364.0762939453125},"rotation":{"x":-0.0000129082172861672,"y":0.9999844431877136,"z":-0.004809840582311153,"w":-0.0026990342885255815},"size":499.43621826171877,"orthographic":false}