{"cameraMode":{"drawMode":0,"name":"Shaded","section":"Shading Mode"},"sceneLighting":false,"audioPlay":false,"sceneViewState":{"m_AlwaysRefresh":false,"showFog":true,"showSkybox":true,"showFlares":true,"showImageEffects":true,"showParticleSystems":true,"showVisualEffectGraphs":true,"m_FxEnabled":true},"in2DMode":false,"pivot":{"x":345.6307067871094,"y":168.58102416992188,"z":12.827621459960938},"rotation":{"x":-0.019456692039966584,"y":-0.06564410775899887,"z":0.001280222786590457,"w":-0.9976524710655212},"size":435.6979675292969,"orthographic":true}