{"cameraMode":{"drawMode":0,"name":"Shaded","section":"Shading Mode"},"sceneLighting":false,"audioPlay":false,"sceneViewState":{"m_AlwaysRefresh":false,"showFog":true,"showSkybox":true,"showFlares":true,"showImageEffects":true,"showParticleSystems":true,"showVisualEffectGraphs":true,"m_FxEnabled":true},"in2DMode":false,"pivot":{"x":23.5035343170166,"y":-0.13133877515792848,"z":30.945953369140626},"rotation":{"x":-0.06172900274395943,"y":0.036518923938274387,"z":-0.0022601571399718525,"w":-0.9974221587181091},"size":4.166025161743164,"orthographic":false}