{"cameraMode":{"drawMode":0,"name":"Shaded","section":"Shading Mode"},"sceneLighting":false,"audioPlay":false,"sceneViewState":{"m_AlwaysRefresh":false,"showFog":true,"showSkybox":true,"showFlares":true,"showImageEffects":true,"showParticleSystems":true,"showVisualEffectGraphs":true,"m_FxEnabled":true},"in2DMode":false,"pivot":{"x":13.732999801635743,"y":-36.210262298583987,"z":28.59697723388672},"rotation":{"x":0.6297586560249329,"y":0.010477665811777115,"z":-0.008505336008965969,"w":0.7766839265823364},"size":55.04957580566406,"orthographic":false}