{"cameraMode":{"drawMode":0,"name":"Shaded","section":"Shading Mode"},"sceneLighting":false,"audioPlay":false,"sceneViewState":{"m_AlwaysRefresh":false,"showFog":true,"showSkybox":false,"showFlares":true,"showImageEffects":true,"showParticleSystems":true,"showVisualEffectGraphs":true,"m_FxEnabled":true},"in2DMode":false,"pivot":{"x":-0.02462780475616455,"y":1.1016745567321778,"z":-0.017736375331878663},"rotation":{"x":0.22448398172855378,"y":0.7537619471549988,"z":-0.31630465388298037,"w":0.5304769277572632},"size":1.5596767663955689,"orthographic":false}