{"cameraMode":{"drawMode":0,"name":"Shaded","section":"Shading Mode"},"sceneLighting":false,"audioPlay":false,"sceneViewState":{"m_AlwaysRefresh":false,"showFog":true,"showSkybox":false,"showFlares":true,"showImageEffects":true,"showParticleSystems":true,"showVisualEffectGraphs":true,"m_FxEnabled":true},"in2DMode":false,"pivot":{"x":0.44681811332702639,"y":0.5170896053314209,"z":-0.10946846008300781},"rotation":{"x":0.1873054951429367,"y":0.7712779641151428,"z":-0.26014184951782229,"w":0.5498889088630676},"size":2.400017261505127,"orthographic":false}