{"cameraMode":{"drawMode":0,"name":"Shaded","section":"Shading Mode"},"sceneLighting":true,"audioPlay":false,"sceneViewState":{"m_AlwaysRefresh":false,"showFog":true,"showSkybox":false,"showFlares":true,"showImageEffects":true,"showParticleSystems":true,"showVisualEffectGraphs":true,"m_FxEnabled":true},"in2DMode":false,"pivot":{"x":-0.9166405200958252,"y":0.8355808258056641,"z":0.6921215057373047},"rotation":{"x":0.52898108959198,"y":-0.00026928691659122705,"z":0.00016431724361609668,"w":0.8486372232437134},"size":5.257679462432861,"orthographic":true}