{"cameraMode":{"drawMode":0,"name":"Shaded","section":"Shading Mode"},"sceneLighting":true,"audioPlay":false,"sceneViewState":{"m_AlwaysRefresh":false,"showFog":true,"showSkybox":false,"showFlares":true,"showImageEffects":true,"showParticleSystems":true,"showVisualEffectGraphs":true,"m_FxEnabled":true},"in2DMode":false,"pivot":{"x":-0.9166405200958252,"y":0.8355808258056641,"z":0.6921215057373047},"rotation":{"x":0.5562136173248291,"y":0.10135216265916825,"z":-0.06858603656291962,"w":0.8219846487045288},"size":5.257679462432861,"orthographic":true}