{"cameraMode":{"drawMode":0,"name":"Shaded","section":"Shading Mode"},"sceneLighting":true,"audioPlay":false,"sceneViewState":{"m_AlwaysRefresh":false,"showFog":true,"showSkybox":false,"showFlares":true,"showImageEffects":true,"showParticleSystems":true,"showVisualEffectGraphs":true,"m_FxEnabled":true},"in2DMode":false,"pivot":{"x":-0.29203906655311587,"y":4.617756366729736,"z":1.4032641649246216},"rotation":{"x":-0.2776857018470764,"y":0.00951838307082653,"z":-0.002750299172475934,"w":-0.960623025894165},"size":3.5379161834716799,"orthographic":true}